post_id,published_at_utc,username,author_id,text,lang,item_type,source_url,conversation_id,reply_to_id,quoted_id,first_retrieved_at,last_retrieved_at,found_by,source_modes,matching_jobs,in_any_core_window,relevance_label,notes
1775244003484532917,2024-04-02T19:28:47+00:00,GlobalPHObserv,2565865626,"WHO unveils a digital health promoter harnessing generative AI for public health
S.A.R.A.H. Smart AI Resource Assistant for Health https://t.co/GD7seIaiEm
News:
https://t.co/Iji8CgY3kT",en,x_post,,1775244003484532917,,,2026-10-08T09:42:31+00:00,2026-10-08T09:42:31+00:00,formal_name,search,1,1,,
1775248317049413726,2024-04-02T19:45:55+00:00,el_pais,7996082,"La OMS lanza Sarah, un avatar de inteligencia artificial sobre temas de salud, pero advierte que “es posible que las respuestas no siempre sean precisas” y no se hace responsable de sus respuestas https://t.co/R0Kf1ywDTy",es,x_post,,1775248317049413726,,,2026-10-08T09:42:31+00:00,2026-10-08T09:42:31+00:00,formal_name,search,1,1,,
1775407253215957424,2024-04-03T06:17:29+00:00,AnaCorojan,84702117,"🤖 “#Sarah” ('Smart AI Resource Assistant for Health') es la primera apuesta de la OMS @WHO para promover la salud digital a través de #IA #InteligenciaArtificial 🧠‼️

🚺 “Bienvenida” al grupo de asistentes virtuales femeninas #Alexa, #Siri, #Cortana, #Bixby... 🤦🏼‍♀️ 💜",es,x_post,,1775407253215957424,,1775248317049413726,2026-10-08T09:42:31+00:00,2026-10-08T09:42:31+00:00,formal_name,search,1,1,,
1775506710179819846,2024-04-03T12:52:41+00:00,sarahfhoffman,43968854,"Meet S.A.R.A.H.
A Smart AI Resource Assistant for Health (I had to share this one!) https://t.co/POyVoU3rQm",en,x_post,,1775506710179819846,,,2026-10-08T09:42:31+00:00,2026-10-08T09:42:31+00:00,formal_name,search,1,1,,
1775666660449419708,2024-04-03T23:28:16+00:00,waltercurioso,191475413,"Conoce a S.A.R.A.H. (A Smart AI Resource Assistant for Health) de @WHO. #Sarah es un prototipo de promotora digital de la salud que interactúa con los usuarios gracias a la inteligencia artificial generativa. Disponible en español, 24/7, via video o texto.
https://t.co/79LDHnuw1r https://t.co/RqoL3ij1DG",es,x_post,,1775666660449419708,,,2026-10-08T09:42:31+00:00,2026-10-08T09:42:31+00:00,formal_name,search,1,1,,
1775805784741331127,2024-04-04T08:41:06+00:00,scafato,482984532,"S.A.R.A.H. (Smart AI Resource Assistant for Health) L'intelligenza artificiale OMS per guidare verso stili più salutari di vita. Fate domande e ricevete risposte , anche sull'alcol  https://t.co/Ax30umMGdN https://t.co/211kk1lU2q",it,x_post,,1775805784741331127,,,2026-10-08T09:42:31+00:00,2026-10-08T09:42:31+00:00,formal_name,search,1,1,,
1775902008932790552,2024-04-04T15:03:28+00:00,Nurse24it,526557515,"In occasione del World Health Day dal tema “My Health, My Right”, l’#OMS annuncia il lancio di S.A.R.A.H. (Smart AI Resource Assistant for Health), il prototipo di AI generativa di un promotore di salute digitale con risposta empatica potenziata.
https://t.co/KqXo88Aipe",it,x_post,,1775902008932790552,,,2026-10-08T09:42:31+00:00,2026-10-08T09:42:31+00:00,formal_name,search,1,1,,
1775981260675981334,2024-04-04T20:18:23+00:00,carens8892,399071713,#CGEA2024 is abuzz about #GPT in #MedEd   And I found this amazing ‘new’ thing…https://t.co/V2CLqcehVH  a Smart AI Resource Assistant for Health,en,x_post,,1775981260675981334,,,2026-10-08T09:42:31+00:00,2026-10-08T09:42:31+00:00,formal_name,search,1,1,,
1776736972632973522,2024-04-06T22:21:19+00:00,lacin_mirza,98456551,"Dünya Sağlık Örgütü , İngilizce, Rusça, Çince, İspanyolca, Fransızca, Portekizce, Arapça ve Hintçe dillerinde sağlık bilgisi sağlayan S.A.R.A.H. Sağlık için Akıllı Yapay Zeka Asistanını tanıttı: 
S.A.R.A.H, a Smart AI Resource Assistant for Health
https://t.co/nHxUfEk2gm",tr,x_post,,1776736972632973522,,,2026-10-08T09:42:31+00:00,2026-10-08T09:42:31+00:00,formal_name,search,1,1,,
1777281287549513774,2024-04-08T10:24:13+00:00,Xx17965797N,1552407495255199745,"🙄Meet S.A.R.A.H.
A Smart AI Resource Assistant for Health https://t.co/5aTof5tFj3",en,x_post,,1777281287549513774,,,2026-10-08T09:42:31+00:00,2026-10-08T09:42:31+00:00,formal_name,search,1,1,,
1778722225207582759,2024-04-12T09:50:00+00:00,NewTimesRwanda,191478785,"To enable authentic interaction with S.A.R.A.H., users grant access to their device's microphone and camera, allowing her 'Digital Brain' to capture expressions during interactions.

Here are five things to know about WHO's first AI health promoter.
https://t.co/56vVItTqfU",en,x_post,,1778722225207582759,,,2026-10-08T09:42:53+00:00,2026-10-08T09:42:53+00:00,health_promoter,search,1,1,,
1779355033915556323,2024-04-14T03:44:33+00:00,FPetersenA,1079819255036678144,"Sarah, es un acrónimo para Smart AI Resource Assistant for Health  que significa Asistente Inteligente de Recursos de IA para la Salud y se basa en Inteligencia Artificial generativa arrojando una guía de prevención para cuidar de tu salud disponible las 24 horas del día
2",es,x_post,,1779355031885492701,1779355031885492701,,2026-10-08T09:42:33+00:00,2026-10-08T09:42:33+00:00,formal_name,search,1,1,,
1779543190187413804,2024-04-14T16:12:13+00:00,saludjalisco,343798475,"¡El futuro de la salud, también es digital! 

Sarah, es un acrónimo para Smart AI Resource Assistant for Health  que significa Asistente Inteligente de Recursos de IA para la Salud creada por la Organización Mundial de la Salud y se basa en Inteligencia Artificial generativa https://t.co/2ExJq6uRtq",es,x_post,,1779543190187413804,,,2026-10-08T09:42:33+00:00,2026-10-08T09:42:33+00:00,formal_name,search,1,1,,
1781250123890057445,2024-04-19T09:14:58+00:00,OEIAC_UdG,1317142153462796289,"📢Definició de cap de setmana📢

🗨️ Sabeu què significa SARAH?

Doncs és l’acrònim de Smart AI Resource Assistant for Health i es tracta d’un chatbot de l'Organització Mundial de la Salut (OMS) que ofereix als seus usuaris informació relacionada amb la salut en vuit idiomes 1/",ca,x_post,,1781250123890057445,,,2026-10-08T09:42:35+00:00,2026-10-08T09:42:35+00:00,formal_name,search,1,1,,
1782529843659178278,2024-04-22T22:00:07+00:00,ajc,4170491,"Short for Smart AI Resource Assistant for Health, it serves as a virtual health worker who can speak with online visitors in eight languages about everything from mental health to dieting. https://t.co/wz2Dl8bi5n",en,x_post,,1782529843659178278,,,2026-10-08T09:42:35+00:00,2026-10-08T09:42:36+00:00,formal_name,search,2,1,,
