snapshot_id,post_id,run_id,job_key,response_id,retrieved_at,like_count,repost_count,reply_count,quote_count,view_count,bookmark_count
1,1777281287549513774,,,,2026-10-08T09:42:31+00:00,5,1,1,1,2708,
2,1776736972632973522,,,,2026-10-08T09:42:31+00:00,2,0,0,0,116,
3,1775981260675981334,,,,2026-10-08T09:42:31+00:00,4,3,0,0,760,
4,1775902008932790552,,,,2026-10-08T09:42:31+00:00,1,1,0,0,134,
5,1775805784741331127,,,,2026-10-08T09:42:31+00:00,3,2,1,0,133,
6,1775666660449419708,,,,2026-10-08T09:42:31+00:00,8,4,0,0,243,
7,1775506710179819846,,,,2026-10-08T09:42:31+00:00,2,0,0,1,469,
8,1775407253215957424,,,,2026-10-08T09:42:31+00:00,2,0,0,0,253,
9,1775248317049413726,,,,2026-10-08T09:42:31+00:00,12,4,6,11,31019,
10,1775244003484532917,,,,2026-10-08T09:42:31+00:00,8,6,0,0,588,
11,1779543190187413804,,,,2026-10-08T09:42:33+00:00,5,1,1,0,1243,
12,1779355033915556323,,,,2026-10-08T09:42:33+00:00,4,0,1,0,29,
13,1782529843659178278,,,,2026-10-08T09:42:36+00:00,0,0,1,0,3065,
14,1781250123890057445,,,,2026-10-08T09:42:35+00:00,8,4,1,0,809,
15,1778722225207582759,,,,2026-10-08T09:42:53+00:00,2,1,0,0,2121,
