hit_id,post_id,job_key,run_id,response_id,found_at,result_rank,in_window,acquisition_use
1,1777281287549513774,ce91212481842da418a1,,,2026-10-08T09:42:31+00:00,,1,legacy_v1
2,1776736972632973522,ce91212481842da418a1,,,2026-10-08T09:42:31+00:00,,1,legacy_v1
3,1775981260675981334,ce91212481842da418a1,,,2026-10-08T09:42:31+00:00,,1,legacy_v1
4,1775902008932790552,ce91212481842da418a1,,,2026-10-08T09:42:31+00:00,,1,legacy_v1
5,1775805784741331127,ce91212481842da418a1,,,2026-10-08T09:42:31+00:00,,1,legacy_v1
6,1775666660449419708,ce91212481842da418a1,,,2026-10-08T09:42:31+00:00,,1,legacy_v1
7,1775506710179819846,ce91212481842da418a1,,,2026-10-08T09:42:31+00:00,,1,legacy_v1
8,1775407253215957424,ce91212481842da418a1,,,2026-10-08T09:42:31+00:00,,1,legacy_v1
9,1775248317049413726,ce91212481842da418a1,,,2026-10-08T09:42:31+00:00,,1,legacy_v1
10,1775244003484532917,ce91212481842da418a1,,,2026-10-08T09:42:31+00:00,,1,legacy_v1
11,1779543190187413804,8bb9d533580fefe2419e,,,2026-10-08T09:42:33+00:00,,1,legacy_v1
12,1779355033915556323,8bb9d533580fefe2419e,,,2026-10-08T09:42:33+00:00,,1,legacy_v1
13,1782529843659178278,bf7293cd053f19ebaaad,,,2026-10-08T09:42:35+00:00,,1,legacy_v1
14,1781250123890057445,bf7293cd053f19ebaaad,,,2026-10-08T09:42:35+00:00,,1,legacy_v1
15,1782529843659178278,463d960b205ac95042aa,,,2026-10-08T09:42:36+00:00,,0,legacy_v1
16,1778722225207582759,2753a72291dcac591d48,,,2026-10-08T09:42:53+00:00,,1,legacy_v1
