snapshot_id,user_id,post_id,run_id,job_key,response_id,retrieved_at,username,display_name,description,location,followers_count,following_count,statuses_count,verified,protected,profile_json
1,1552407495255199745,1777281287549513774,,,,2026-10-08T09:42:31+00:00,Xx17965797N,Truthseeker,Everything i post is for entertainment purposes only of course….,,460076,2467,47426,0,0,"{""_type"": ""snscrape.modules.twitter.User"", ""blue"": true, ""blueType"": null, ""created"": ""2022-07-27 21:36:15+00:00"", ""descriptionLinks"": [], ""displayname"": ""Truthseeker"", ""favouritesCount"": 4734, ""followersCount"": 460076, ""friendsCount"": 2467, ""id"": 1552407495255199745, ""id_str"": ""1552407495255199745"", ""listedCount"": 0, ""location"": """", ""mediaCount"": 29959, ""pinnedIds"": [1891487577003229672], ""profileBannerUrl"": """", ""profileImageUrl"": ""https://pbs.twimg.com/profile_images/1552408984824516610/alsEPf46_normal.jpg"", ""protected"": false, ""rawDescription"": ""Everything i post is for entertainment purposes only of course…."", ""statusesCount"": 47426, ""url"": ""https://x.com/Xx17965797N"", ""username"": ""Xx17965797N"", ""verified"": false}"
2,98456551,1776736972632973522,,,,2026-10-08T09:42:31+00:00,lacin_mirza,Laçin Mirza ♞ 🇹🇷,"#Turizmci @lacinmirza 🇹🇷 #FahriKonsolos 🇧🇾 #Antalya
#diplomasi #spor #satranç:  https://t.co/sUNjlsG7IK 🦁",Antalya,1113,100,1450,0,0,"{""_type"": ""snscrape.modules.twitter.User"", ""blue"": true, ""blueType"": null, ""created"": ""2009-12-21 19:49:53+00:00"", ""descriptionLinks"": [{""tcourl"": ""https://t.co/sUNjlsG7IK"", ""text"": ""lichess.org/@/lacin_mirza"", ""url"": ""http://lichess.org/@/lacin_mirza""}, {""tcourl"": ""https://t.co/eUAsgrCleN"", ""text"": ""aldetours.com"", ""url"": ""https://www.aldetours.com/""}], ""displayname"": ""Laçin Mirza ♞ 🇹🇷"", ""favouritesCount"": 5989, ""followersCount"": 1113, ""friendsCount"": 100, ""id"": 98456551, ""id_str"": ""98456551"", ""listedCount"": 0, ""location"": ""Antalya"", ""mediaCount"": 465, ""pinnedIds"": [], ""profileBannerUrl"": ""https://pbs.twimg.com/profile_banners/98456551/1745947637"", ""profileImageUrl"": ""https://pbs.twimg.com/profile_images/1609905043813109764/bEDWyNg6_normal.jpg"", ""protected"": false, ""rawDescription"": ""#Turizmci @lacinmirza 🇹🇷 #FahriKonsolos 🇧🇾 #Antalya\n#diplomasi #spor #satranç:  https://t.co/sUNjlsG7IK 🦁"", ""statusesCount"": 1450, ""url"": ""https://x.com/lacin_mirza"", ""username"": ""lacin_mirza"", ""verified"": false}"
3,399071713,1775981260675981334,,,,2026-10-08T09:42:31+00:00,carens8892,C Stalburg,"My own views, opinions, and general ""wisdom"".",,661,892,3249,0,0,"{""_type"": ""snscrape.modules.twitter.User"", ""blue"": false, ""blueType"": null, ""created"": ""2011-10-26 23:21:16+00:00"", ""descriptionLinks"": [], ""displayname"": ""C Stalburg"", ""favouritesCount"": 7301, ""followersCount"": 661, ""friendsCount"": 892, ""id"": 399071713, ""id_str"": ""399071713"", ""listedCount"": 0, ""location"": """", ""mediaCount"": 380, ""pinnedIds"": [], ""profileBannerUrl"": ""https://pbs.twimg.com/profile_banners/399071713/1425593437"", ""profileImageUrl"": ""https://pbs.twimg.com/profile_images/2103039903/books_normal.jpg"", ""protected"": false, ""rawDescription"": ""My own views, opinions, and general \""wisdom\""."", ""statusesCount"": 3249, ""url"": ""https://x.com/carens8892"", ""username"": ""carens8892"", ""verified"": false}"
4,526557515,1775902008932790552,,,,2026-10-08T09:42:31+00:00,Nurse24it,Nurse24.it,Quotidiano online | INFERMIERI - OSS - SALUTE - SANITÀ. Facebook https://t.co/xQbJBHuIT8 Instagram https://t.co/80m6MIaNg4,Rimini,7005,592,24295,0,0,"{""_type"": ""snscrape.modules.twitter.User"", ""blue"": false, ""blueType"": null, ""created"": ""2012-03-16 16:26:38+00:00"", ""descriptionLinks"": [{""tcourl"": ""https://t.co/xQbJBHuIT8"", ""text"": ""facebook.com/nurse24.it"", ""url"": ""http://www.facebook.com/nurse24.it""}, {""tcourl"": ""https://t.co/80m6MIaNg4"", ""text"": ""instagram.com/nurse24it/"", ""url"": ""http://www.instagram.com/nurse24it/""}, {""tcourl"": ""https://t.co/UdI7k86zAx"", ""text"": ""nurse24.it"", ""url"": ""http://www.nurse24.it/""}], ""displayname"": ""Nurse24.it"", ""favouritesCount"": 1987, ""followersCount"": 7005, ""friendsCount"": 592, ""id"": 526557515, ""id_str"": ""526557515"", ""listedCount"": 0, ""location"": ""Rimini"", ""mediaCount"": 919, ""pinnedIds"": [], ""profileBannerUrl"": ""https://pbs.twimg.com/profile_banners/526557515/1550683965"", ""profileImageUrl"": ""https://pbs.twimg.com/profile_images/538840543032139776/RCJbyjfK_normal.jpeg"", ""protected"": false, ""rawDescription"": ""Quotidiano online | INFERMIERI - OSS - SALUTE - SANITÀ. Facebook https://t.co/xQbJBHuIT8 Instagram https://t.co/80m6MIaNg4"", ""statusesCount"": 24295, ""url"": ""https://x.com/Nurse24it"", ""username"": ""Nurse24it"", ""verified"": false}"
5,482984532,1775805784741331127,,,,2026-10-08T09:42:31+00:00,scafato,Emanuele Scafato,Epidemiologo Gastroenterologo Dir. Centro OMS Research on Alcohol e Osservat. Naz. Alcol ISS Ist. Sup. Sanità tweets reflect my views rtws are not endorsement,Roma,839,402,16786,0,0,"{""_type"": ""snscrape.modules.twitter.User"", ""blue"": false, ""blueType"": null, ""created"": ""2012-02-04 14:30:40+00:00"", ""descriptionLinks"": [{""tcourl"": ""https://t.co/7VrwAoWdS2"", ""text"": ""epicentro.iss.it/alcol/osservat…"", ""url"": ""https://www.epicentro.iss.it/alcol/osservatorio-nazionale-alcol""}], ""displayname"": ""Emanuele Scafato"", ""favouritesCount"": 11089, ""followersCount"": 839, ""friendsCount"": 402, ""id"": 482984532, ""id_str"": ""482984532"", ""listedCount"": 0, ""location"": ""Roma"", ""mediaCount"": 2426, ""pinnedIds"": [791239232782209024], ""profileBannerUrl"": ""https://pbs.twimg.com/profile_banners/482984532/1474913290"", ""profileImageUrl"": ""https://pbs.twimg.com/profile_images/378800000689821254/f010fa755a1d8547b02fbc36f63ef382_normal.jpeg"", ""protected"": false, ""rawDescription"": ""Epidemiologo Gastroenterologo Dir. Centro OMS Research on Alcohol e Osservat. Naz. Alcol ISS Ist. Sup. Sanità tweets reflect my views rtws are not endorsement"", ""statusesCount"": 16786, ""url"": ""https://x.com/scafato"", ""username"": ""scafato"", ""verified"": false}"
6,191475413,1775666660449419708,,,,2026-10-08T09:42:31+00:00,waltercurioso,Walter H. Curioso,"Médico, Máster en Salud Pública, PhD Informática Biomédica University of Washington @UW | Experto en #SaludDigital",Peru,5592,1947,13748,0,0,"{""_type"": ""snscrape.modules.twitter.User"", ""blue"": false, ""blueType"": null, ""created"": ""2010-09-16 15:05:59+00:00"", ""descriptionLinks"": [{""tcourl"": ""https://t.co/e2ZgccsPl5"", ""text"": ""waltercurioso.com"", ""url"": ""http://waltercurioso.com/""}], ""displayname"": ""Walter H. Curioso"", ""favouritesCount"": 58080, ""followersCount"": 5592, ""friendsCount"": 1947, ""id"": 191475413, ""id_str"": ""191475413"", ""listedCount"": 0, ""location"": ""Peru"", ""mediaCount"": 1400, ""pinnedIds"": [2068125580227121446], ""profileBannerUrl"": ""https://pbs.twimg.com/profile_banners/191475413/1774050836"", ""profileImageUrl"": ""https://pbs.twimg.com/profile_images/2035142474440531968/LJWezvm6_normal.jpg"", ""protected"": false, ""rawDescription"": ""Médico, Máster en Salud Pública, PhD Informática Biomédica University of Washington @UW | Experto en #SaludDigital"", ""statusesCount"": 13748, ""url"": ""https://x.com/waltercurioso"", ""username"": ""waltercurioso"", ""verified"": false}"
7,43968854,1775506710179819846,,,,2026-10-08T09:42:31+00:00,sarahfhoffman,Sarah F. Hoffman,"#AI Strategist, Futurist, Writer, Speaker. Passionate about #innovation #technology #generativeAI Views are my own.",New York,601,1585,2078,0,0,"{""_type"": ""snscrape.modules.twitter.User"", ""blue"": false, ""blueType"": null, ""created"": ""2009-06-01 20:47:53+00:00"", ""descriptionLinks"": [], ""displayname"": ""Sarah F. Hoffman"", ""favouritesCount"": 8109, ""followersCount"": 601, ""friendsCount"": 1585, ""id"": 43968854, ""id_str"": ""43968854"", ""listedCount"": 0, ""location"": ""New York"", ""mediaCount"": 74, ""pinnedIds"": [2067689987462529361], ""profileBannerUrl"": ""https://pbs.twimg.com/profile_banners/43968854/1402450421"", ""profileImageUrl"": ""https://pbs.twimg.com/profile_images/1174734166325436416/1o9pO6Qu_normal.jpg"", ""protected"": false, ""rawDescription"": ""#AI Strategist, Futurist, Writer, Speaker. Passionate about #innovation #technology #generativeAI Views are my own."", ""statusesCount"": 2078, ""url"": ""https://x.com/sarahfhoffman"", ""username"": ""sarahfhoffman"", ""verified"": false}"
8,84702117,1775407253215957424,,,,2026-10-08T09:42:31+00:00,AnaCorojan,Ana Corojan 🦁🐝👨‍👩‍👧‍👦💜,"🧩Politóloga
🫆Responsable de Comunicación y Relaciones Institucionales 🩵 @TISpain @anticorruption 🩵

🍿Opiniones a título personal.

🧬🚺 @redpolitologas",,1289,2908,9084,0,0,"{""_type"": ""snscrape.modules.twitter.User"", ""blue"": false, ""blueType"": null, ""created"": ""2009-10-23 22:09:36+00:00"", ""descriptionLinks"": [], ""displayname"": ""Ana Corojan 🦁🐝👨‍👩‍👧‍👦💜"", ""favouritesCount"": 15405, ""followersCount"": 1289, ""friendsCount"": 2908, ""id"": 84702117, ""id_str"": ""84702117"", ""listedCount"": 0, ""location"": """", ""mediaCount"": 1040, ""pinnedIds"": [2107886170546077797], ""profileBannerUrl"": ""https://pbs.twimg.com/profile_banners/84702117/1623790193"", ""profileImageUrl"": ""https://pbs.twimg.com/profile_images/2094071676174499841/2ukQkhk__normal.jpg"", ""protected"": false, ""rawDescription"": ""🧩Politóloga\n🫆Responsable de Comunicación y Relaciones Institucionales 🩵 @TISpain @anticorruption 🩵\n\n🍿Opiniones a título personal.\n\n🧬🚺 @redpolitologas"", ""statusesCount"": 9084, ""url"": ""https://x.com/AnaCorojan"", ""username"": ""AnaCorojan"", ""verified"": false}"
9,7996082,1775248317049413726,,,,2026-10-08T09:42:31+00:00,el_pais,EL PAÍS,"La mejor información en español. Con nuestra mirada puesta en España, Europa y América. Aquí tienes nuestra política de privacidad https://t.co/1J0jyff6Da",Madrid,8397416,849,896555,0,0,"{""_type"": ""snscrape.modules.twitter.User"", ""blue"": true, ""blueType"": ""Business"", ""created"": ""2007-08-06 16:20:09+00:00"", ""descriptionLinks"": [{""tcourl"": ""https://t.co/1J0jyff6Da"", ""text"": ""tinyurl.com/32dnhzc9"", ""url"": ""https://tinyurl.com/32dnhzc9""}, {""tcourl"": ""https://t.co/6g5qG3Lgo3"", ""text"": ""elpais.com"", ""url"": ""https://elpais.com/""}], ""displayname"": ""EL PAÍS"", ""favouritesCount"": 1970, ""followersCount"": 8397416, ""friendsCount"": 849, ""id"": 7996082, ""id_str"": ""7996082"", ""listedCount"": 0, ""location"": ""Madrid"", ""mediaCount"": 96137, ""pinnedIds"": [], ""profileBannerUrl"": ""https://pbs.twimg.com/profile_banners/7996082/1768474674"", ""profileImageUrl"": ""https://pbs.twimg.com/profile_images/2013261416153722880/TqlL1GLg_normal.jpg"", ""protected"": false, ""rawDescription"": ""La mejor información en español. Con nuestra mirada puesta en España, Europa y América. Aquí tienes nuestra política de privacidad https://t.co/1J0jyff6Da"", ""statusesCount"": 896555, ""url"": ""https://x.com/el_pais"", ""username"": ""el_pais"", ""verified"": false}"
10,2565865626,1775244003484532917,,,,2026-10-08T09:42:31+00:00,GlobalPHObserv,Global Health Observ,The Johns Hopkins University - School of Public Health - Academic-based public health observatory - operational research & training  - Epidemiology Methods,Baltimore MD USA,6679,548,91776,0,0,"{""_type"": ""snscrape.modules.twitter.User"", ""blue"": false, ""blueType"": null, ""created"": ""2014-06-13 20:40:04+00:00"", ""descriptionLinks"": [{""tcourl"": ""https://t.co/IsNUvWBuB5"", ""text"": ""bit.ly/3qRyYiA"", ""url"": ""https://bit.ly/3qRyYiA""}], ""displayname"": ""Global Health Observ"", ""favouritesCount"": 9193, ""followersCount"": 6679, ""friendsCount"": 548, ""id"": 2565865626, ""id_str"": ""2565865626"", ""listedCount"": 0, ""location"": ""Baltimore MD USA"", ""mediaCount"": 6828, ""pinnedIds"": [], ""profileBannerUrl"": ""https://pbs.twimg.com/profile_banners/2565865626/1559767145"", ""profileImageUrl"": ""https://pbs.twimg.com/profile_images/1624510245094535179/n0AFb6Z4_normal.jpg"", ""protected"": false, ""rawDescription"": ""The Johns Hopkins University - School of Public Health - Academic-based public health observatory - operational research & training  - Epidemiology Methods"", ""statusesCount"": 91776, ""url"": ""https://x.com/GlobalPHObserv"", ""username"": ""GlobalPHObserv"", ""verified"": false}"
11,343798475,1779543190187413804,,,,2026-10-08T09:42:33+00:00,saludjalisco,Secretaría de Salud Jalisco,"Nos encargamos de la salud en Jalisco, coordinamos los programas de promoción, prevención, fomento, regulación sanitaria y de servicios de salud a las personas.","Guadalajara, Jalisco",89895,628,41979,0,0,"{""_type"": ""snscrape.modules.twitter.User"", ""blue"": false, ""blueType"": ""Government"", ""created"": ""2011-07-28 03:00:14+00:00"", ""descriptionLinks"": [{""tcourl"": ""https://t.co/TDl0nIxgIK"", ""text"": ""ssj.jalisco.gob.mx"", ""url"": ""http://ssj.jalisco.gob.mx/""}], ""displayname"": ""Secretaría de Salud Jalisco"", ""favouritesCount"": 1262, ""followersCount"": 89895, ""friendsCount"": 628, ""id"": 343798475, ""id_str"": ""343798475"", ""listedCount"": 0, ""location"": ""Guadalajara, Jalisco"", ""mediaCount"": 25093, ""pinnedIds"": [], ""profileBannerUrl"": ""https://pbs.twimg.com/profile_banners/343798475/1791415495"", ""profileImageUrl"": ""https://pbs.twimg.com/profile_images/1865978359391363072/MJIDXw9l_normal.jpg"", ""protected"": false, ""rawDescription"": ""Nos encargamos de la salud en Jalisco, coordinamos los programas de promoción, prevención, fomento, regulación sanitaria y de servicios de salud a las personas."", ""statusesCount"": 41979, ""url"": ""https://x.com/saludjalisco"", ""username"": ""saludjalisco"", ""verified"": false}"
12,1079819255036678144,1779355033915556323,,,,2026-10-08T09:42:33+00:00,FPetersenA,Fernando Petersen,Médico . Investigador . Docente,"Jalisco, México",7216,121,3365,0,0,"{""_type"": ""snscrape.modules.twitter.User"", ""blue"": false, ""blueType"": null, ""created"": ""2018-12-31 19:19:07+00:00"", ""descriptionLinks"": [], ""displayname"": ""Fernando Petersen"", ""favouritesCount"": 916, ""followersCount"": 7216, ""friendsCount"": 121, ""id"": 1079819255036678144, ""id_str"": ""1079819255036678144"", ""listedCount"": 0, ""location"": ""Jalisco, México"", ""mediaCount"": 2706, ""pinnedIds"": [], ""profileBannerUrl"": ""https://pbs.twimg.com/profile_banners/1079819255036678144/1733777779"", ""profileImageUrl"": ""https://pbs.twimg.com/profile_images/1890852905642545153/mQHx153s_normal.jpg"", ""protected"": false, ""rawDescription"": ""Médico . Investigador . Docente"", ""statusesCount"": 3365, ""url"": ""https://x.com/FPetersenA"", ""username"": ""FPetersenA"", ""verified"": false}"
13,4170491,1782529843659178278,,,,2026-10-08T09:42:36+00:00,ajc,Atlanta Journal-Constitution,"Our mission is to be the most essential and engaging source of news for the people of Atlanta, Georgia and the South. 
For news tips and FAQs: https://t.co/syAWi1x4IM","Atlanta, GA",981742,121,379984,0,0,"{""_type"": ""snscrape.modules.twitter.User"", ""blue"": true, ""blueType"": null, ""created"": ""2007-04-11 12:50:15+00:00"", ""descriptionLinks"": [{""tcourl"": ""https://t.co/syAWi1x4IM"", ""text"": ""ajc.com/contacts"", ""url"": ""http://ajc.com/contacts""}, {""tcourl"": ""https://t.co/dTTp5675KT"", ""text"": ""ajc.com"", ""url"": ""http://www.ajc.com""}], ""displayname"": ""Atlanta Journal-Constitution"", ""favouritesCount"": 2447, ""followersCount"": 981742, ""friendsCount"": 121, ""id"": 4170491, ""id_str"": ""4170491"", ""listedCount"": 0, ""location"": ""Atlanta, GA"", ""mediaCount"": 91291, ""pinnedIds"": [], ""profileBannerUrl"": ""https://pbs.twimg.com/profile_banners/4170491/1744741596"", ""profileImageUrl"": ""https://pbs.twimg.com/profile_images/1747093995585425408/icKWS_ER_normal.png"", ""protected"": false, ""rawDescription"": ""Our mission is to be the most essential and engaging source of news for the people of Atlanta, Georgia and the South. \nFor news tips and FAQs: https://t.co/syAWi1x4IM"", ""statusesCount"": 379984, ""url"": ""https://x.com/ajc"", ""username"": ""ajc"", ""verified"": false}"
14,1317142153462796289,1781250123890057445,,,,2026-10-08T09:42:35+00:00,OEIAC_UdG,OEIAC 💭,"L'OEIAC promou l'ús responsable de la intel·ligència artificial i és pioner a fer-ho a través dels seus Models PIO sobre Principis, Indicadors i Observables.",Universitat de Girona,2194,1254,38271,0,0,"{""_type"": ""snscrape.modules.twitter.User"", ""blue"": false, ""blueType"": null, ""created"": ""2020-10-16 16:36:17+00:00"", ""descriptionLinks"": [{""tcourl"": ""https://t.co/nBGHhRmFYy"", ""text"": ""oeiac.cat"", ""url"": ""https://oeiac.cat/""}], ""displayname"": ""OEIAC 💭"", ""favouritesCount"": 60293, ""followersCount"": 2194, ""friendsCount"": 1254, ""id"": 1317142153462796289, ""id_str"": ""1317142153462796289"", ""listedCount"": 0, ""location"": ""Universitat de Girona"", ""mediaCount"": 862, ""pinnedIds"": [1806248063670890755], ""profileBannerUrl"": ""https://pbs.twimg.com/profile_banners/1317142153462796289/1715957814"", ""profileImageUrl"": ""https://pbs.twimg.com/profile_images/1791377627053264896/L8V6sN-1_normal.png"", ""protected"": false, ""rawDescription"": ""L'OEIAC promou l'ús responsable de la intel·ligència artificial i és pioner a fer-ho a través dels seus Models PIO sobre Principis, Indicadors i Observables."", ""statusesCount"": 38271, ""url"": ""https://x.com/OEIAC_UdG"", ""username"": ""OEIAC_UdG"", ""verified"": false}"
15,191478785,1778722225207582759,,,,2026-10-08T09:42:53+00:00,NewTimesRwanda,The New Times (Rwanda),Reliable• Responsible• Credible• Follow @TimesSportRW for sports news.,"Kigali, Rwanda",585135,451,134642,0,0,"{""_type"": ""snscrape.modules.twitter.User"", ""blue"": true, ""blueType"": null, ""created"": ""2010-09-16 15:15:50+00:00"", ""descriptionLinks"": [{""tcourl"": ""https://t.co/zSodXQ5Oqh"", ""text"": ""newtimes.co.rw"", ""url"": ""https://www.newtimes.co.rw""}], ""displayname"": ""The New Times (Rwanda)"", ""favouritesCount"": 5937, ""followersCount"": 585135, ""friendsCount"": 451, ""id"": 191478785, ""id_str"": ""191478785"", ""listedCount"": 0, ""location"": ""Kigali, Rwanda"", ""mediaCount"": 39768, ""pinnedIds"": [], ""profileBannerUrl"": ""https://pbs.twimg.com/profile_banners/191478785/1779466631"", ""profileImageUrl"": ""https://pbs.twimg.com/profile_images/2057795692156911616/mmenAzhv_normal.jpg"", ""protected"": false, ""rawDescription"": ""Reliable• Responsible• Credible• Follow @TimesSportRW for sports news."", ""statusesCount"": 134642, ""url"": ""https://x.com/NewTimesRwanda"", ""username"": ""NewTimesRwanda"", ""verified"": false}"
