relation_id,from_post_id,to_post_id,relation_type,seed_post_id,job_key,first_observed_at
1,1775407253215957424,1775248317049413726,quotes,,,2026-10-08T09:42:31+00:00
2,1779355033915556323,1779355031885492701,reply_to,,,2026-10-08T09:42:33+00:00
3,1779355033915556323,1779355031885492701,conversation_root,,,2026-10-08T09:42:33+00:00
4,1281647485014941697,1281641252526710786,reply_to,,144c03699631693552dd8f334134afdd,2026-10-08T14:53:16+00:00
5,1281647485014941697,1281620925218250754,conversation_root,,144c03699631693552dd8f334134afdd,2026-10-08T14:53:16+00:00
6,1281625190871511040,1281620925218250754,reply_to,,144c03699631693552dd8f334134afdd,2026-10-08T14:53:16+00:00
7,1281625190871511040,1281620925218250754,conversation_root,,144c03699631693552dd8f334134afdd,2026-10-08T14:53:16+00:00
8,1281614804797489152,1281614802947911680,reply_to,,144c03699631693552dd8f334134afdd,2026-10-08T14:53:16+00:00
9,1281614804797489152,1281611923423780864,conversation_root,,144c03699631693552dd8f334134afdd,2026-10-08T14:53:16+00:00
10,1281614802947911680,1281613727696146432,reply_to,,144c03699631693552dd8f334134afdd,2026-10-08T14:53:16+00:00
11,1281614802947911680,1281611923423780864,conversation_root,,144c03699631693552dd8f334134afdd,2026-10-08T14:53:16+00:00
12,1281613727696146432,1281613246122926087,reply_to,,144c03699631693552dd8f334134afdd,2026-10-08T14:53:16+00:00
13,1281613727696146432,1281611923423780864,conversation_root,,144c03699631693552dd8f334134afdd,2026-10-08T14:53:16+00:00
24,1284119063778615296,1284114232858955776,conversation_root,,a79dad57476e0704b5b7f94ea444fd2a,2026-10-08T14:57:48+00:00
25,1284059593086242817,1284045847924269056,conversation_root,,a79dad57476e0704b5b7f94ea444fd2a,2026-10-08T14:57:48+00:00
26,1284054824179453959,1270003001114136576,reply_to,,a79dad57476e0704b5b7f94ea444fd2a,2026-10-08T14:57:48+00:00
27,1284054824179453959,1270003001114136576,conversation_root,,a79dad57476e0704b5b7f94ea444fd2a,2026-10-08T14:57:48+00:00
28,1284036199930384385,1284036197636071424,reply_to,,a79dad57476e0704b5b7f94ea444fd2a,2026-10-08T14:57:48+00:00
29,1284036199930384385,1284036179726413824,conversation_root,,a79dad57476e0704b5b7f94ea444fd2a,2026-10-08T14:57:48+00:00
30,1284023132383313920,1283828848753246212,reply_to,,a79dad57476e0704b5b7f94ea444fd2a,2026-10-08T14:57:48+00:00
31,1284023132383313920,1283704333977223169,conversation_root,,a79dad57476e0704b5b7f94ea444fd2a,2026-10-08T14:57:48+00:00
32,1284014144270692352,1283941619939463169,conversation_root,,a79dad57476e0704b5b7f94ea444fd2a,2026-10-08T14:57:48+00:00
33,1283901274413572096,1283894489250017283,quotes,,a79dad57476e0704b5b7f94ea444fd2a,2026-10-08T14:57:48+00:00
34,1283898381614686208,1283645153261973504,conversation_root,,a79dad57476e0704b5b7f94ea444fd2a,2026-10-08T14:57:48+00:00
35,1283887558032797697,1283762478002900992,reply_to,,a79dad57476e0704b5b7f94ea444fd2a,2026-10-08T14:57:48+00:00
36,1283887558032797697,1283762478002900992,conversation_root,,a79dad57476e0704b5b7f94ea444fd2a,2026-10-08T14:57:48+00:00
37,1283869615861444613,1283867286961483778,conversation_root,,a79dad57476e0704b5b7f94ea444fd2a,2026-10-08T14:57:59+00:00
38,1283864104248246273,1283862159781437443,reply_to,,a79dad57476e0704b5b7f94ea444fd2a,2026-10-08T14:57:59+00:00
39,1283864104248246273,1283862159781437443,conversation_root,,a79dad57476e0704b5b7f94ea444fd2a,2026-10-08T14:57:59+00:00
40,1283830158244352005,1283830156495331328,reply_to,,a79dad57476e0704b5b7f94ea444fd2a,2026-10-08T14:57:59+00:00
41,1283830158244352005,1283826827765719040,conversation_root,,a79dad57476e0704b5b7f94ea444fd2a,2026-10-08T14:57:59+00:00
42,1283800468678782976,1283750311945924608,reply_to,,a79dad57476e0704b5b7f94ea444fd2a,2026-10-08T14:57:59+00:00
43,1283800468678782976,1283750311945924608,conversation_root,,a79dad57476e0704b5b7f94ea444fd2a,2026-10-08T14:57:59+00:00
44,1283779378305028096,1283770196860309505,conversation_root,,a79dad57476e0704b5b7f94ea444fd2a,2026-10-08T14:57:59+00:00
45,1283778222740475905,1283775234454290439,reply_to,,a79dad57476e0704b5b7f94ea444fd2a,2026-10-08T14:57:59+00:00
46,1283778222740475905,1283775234454290439,conversation_root,,a79dad57476e0704b5b7f94ea444fd2a,2026-10-08T14:57:59+00:00
47,1283742134026285056,1283267021707382791,reply_to,,a79dad57476e0704b5b7f94ea444fd2a,2026-10-08T14:57:59+00:00
48,1283742134026285056,1283267021707382791,conversation_root,,a79dad57476e0704b5b7f94ea444fd2a,2026-10-08T14:57:59+00:00
49,1283706815784550401,1283403947592626179,quotes,,a79dad57476e0704b5b7f94ea444fd2a,2026-10-08T14:57:59+00:00
50,1283683110903787520,1283485302015889409,quotes,,a79dad57476e0704b5b7f94ea444fd2a,2026-10-08T14:57:59+00:00
51,1283676609082470400,1283676062292025344,reply_to,,a79dad57476e0704b5b7f94ea444fd2a,2026-10-08T14:58:11+00:00
52,1283676609082470400,1283667784782815233,conversation_root,,a79dad57476e0704b5b7f94ea444fd2a,2026-10-08T14:58:11+00:00
53,1283663593381273600,1283662097004601344,reply_to,,a79dad57476e0704b5b7f94ea444fd2a,2026-10-08T14:58:11+00:00
54,1283663593381273600,1283649781160607744,conversation_root,,a79dad57476e0704b5b7f94ea444fd2a,2026-10-08T14:58:11+00:00
55,1283651679494311938,1283478592656203782,reply_to,,a79dad57476e0704b5b7f94ea444fd2a,2026-10-08T14:58:11+00:00
56,1283651679494311938,1283188670095331333,conversation_root,,a79dad57476e0704b5b7f94ea444fd2a,2026-10-08T14:58:11+00:00
57,1283646128353935362,1283642724760068097,quotes,,a79dad57476e0704b5b7f94ea444fd2a,2026-10-08T14:58:11+00:00
58,1283607505550090241,1283575814785728519,conversation_root,,a79dad57476e0704b5b7f94ea444fd2a,2026-10-08T14:58:11+00:00
59,1283586857771524096,1283586856001531906,reply_to,,a79dad57476e0704b5b7f94ea444fd2a,2026-10-08T14:58:11+00:00
60,1283586857771524096,1283586853820481539,conversation_root,,a79dad57476e0704b5b7f94ea444fd2a,2026-10-08T14:58:11+00:00
61,1283553527705620480,1283142703379693569,reply_to,,a79dad57476e0704b5b7f94ea444fd2a,2026-10-08T14:58:11+00:00
62,1283553527705620480,1283142703379693569,conversation_root,,a79dad57476e0704b5b7f94ea444fd2a,2026-10-08T14:58:11+00:00
63,1283498660958023680,1283482229360869378,reply_to,,a79dad57476e0704b5b7f94ea444fd2a,2026-10-08T14:58:11+00:00
64,1283498660958023680,1283482229360869378,conversation_root,,a79dad57476e0704b5b7f94ea444fd2a,2026-10-08T14:58:11+00:00
65,1283488094839332871,1283226297263505408,reply_to,,a79dad57476e0704b5b7f94ea444fd2a,2026-10-08T14:58:11+00:00
66,1283488094839332871,1283226297263505408,conversation_root,,a79dad57476e0704b5b7f94ea444fd2a,2026-10-08T14:58:11+00:00
67,1283475873459470337,1283473765628874753,reply_to,,a79dad57476e0704b5b7f94ea444fd2a,2026-10-08T14:58:11+00:00
68,1283475873459470337,1283447332520984578,conversation_root,,a79dad57476e0704b5b7f94ea444fd2a,2026-10-08T14:58:11+00:00
69,1283449653627949057,1283439099777634306,conversation_root,,a79dad57476e0704b5b7f94ea444fd2a,2026-10-08T14:58:24+00:00
70,1283445586302136321,1283443595106832387,reply_to,,a79dad57476e0704b5b7f94ea444fd2a,2026-10-08T14:58:24+00:00
71,1283445586302136321,1283443595106832387,conversation_root,,a79dad57476e0704b5b7f94ea444fd2a,2026-10-08T14:58:24+00:00
72,1283444142224400386,1283351434717782016,conversation_root,,a79dad57476e0704b5b7f94ea444fd2a,2026-10-08T14:58:24+00:00
73,1283429326751490053,1283358674858184704,reply_to,,a79dad57476e0704b5b7f94ea444fd2a,2026-10-08T14:58:24+00:00
74,1283429326751490053,1283156510399291392,conversation_root,,a79dad57476e0704b5b7f94ea444fd2a,2026-10-08T14:58:24+00:00
75,1283382671612080128,1283382526011039745,reply_to,,a79dad57476e0704b5b7f94ea444fd2a,2026-10-08T14:58:24+00:00
76,1283382671612080128,1283380700138233858,conversation_root,,a79dad57476e0704b5b7f94ea444fd2a,2026-10-08T14:58:24+00:00
77,1283373016492187648,1283371299226755076,reply_to,,a79dad57476e0704b5b7f94ea444fd2a,2026-10-08T14:58:24+00:00
78,1283373016492187648,1283354880439013377,conversation_root,,a79dad57476e0704b5b7f94ea444fd2a,2026-10-08T14:58:24+00:00
79,1283368669964361728,1283119964220686336,reply_to,,a79dad57476e0704b5b7f94ea444fd2a,2026-10-08T14:58:24+00:00
80,1283368669964361728,1283117745295458305,conversation_root,,a79dad57476e0704b5b7f94ea444fd2a,2026-10-08T14:58:24+00:00
81,1283360733909196801,1283354880439013377,reply_to,,a79dad57476e0704b5b7f94ea444fd2a,2026-10-08T14:58:24+00:00
82,1283360733909196801,1283354880439013377,conversation_root,,a79dad57476e0704b5b7f94ea444fd2a,2026-10-08T14:58:24+00:00
83,1283358702439772160,1283356758308605952,quotes,,a79dad57476e0704b5b7f94ea444fd2a,2026-10-08T14:58:24+00:00
84,1283343542665072641,1283134195628306432,reply_to,,a79dad57476e0704b5b7f94ea444fd2a,2026-10-08T14:58:24+00:00
85,1283343542665072641,1283134195628306432,conversation_root,,a79dad57476e0704b5b7f94ea444fd2a,2026-10-08T14:58:24+00:00
86,1283300403560484864,1282617828454146051,conversation_root,,a79dad57476e0704b5b7f94ea444fd2a,2026-10-08T14:58:24+00:00
87,1283271382235844608,1280656775851565056,conversation_root,,a79dad57476e0704b5b7f94ea444fd2a,2026-10-08T14:58:24+00:00
88,1283189576534831110,1282887247226908677,quotes,,a79dad57476e0704b5b7f94ea444fd2a,2026-10-08T14:58:24+00:00
89,1283159157512658944,1283157214421635073,reply_to,,a79dad57476e0704b5b7f94ea444fd2a,2026-10-08T14:58:24+00:00
90,1283159157512658944,1283157214421635073,conversation_root,,a79dad57476e0704b5b7f94ea444fd2a,2026-10-08T14:58:24+00:00
91,1283157885845897224,1283105184827285505,reply_to,,a79dad57476e0704b5b7f94ea444fd2a,2026-10-08T14:58:41+00:00
92,1283157885845897224,1283105184827285505,conversation_root,,a79dad57476e0704b5b7f94ea444fd2a,2026-10-08T14:58:41+00:00
93,1283145492902313986,1283145486661296129,reply_to,,a79dad57476e0704b5b7f94ea444fd2a,2026-10-08T14:58:41+00:00
94,1283145492902313986,1283145486661296129,conversation_root,,a79dad57476e0704b5b7f94ea444fd2a,2026-10-08T14:58:41+00:00
95,1283129274384429063,1283100440683479043,conversation_root,,a79dad57476e0704b5b7f94ea444fd2a,2026-10-08T14:58:41+00:00
96,1283094230680969217,1283045491454939148,reply_to,,a79dad57476e0704b5b7f94ea444fd2a,2026-10-08T14:58:41+00:00
97,1283094230680969217,1283045491454939148,conversation_root,,a79dad57476e0704b5b7f94ea444fd2a,2026-10-08T14:58:41+00:00
98,1283041825587167235,1283026449545519106,reply_to,,a79dad57476e0704b5b7f94ea444fd2a,2026-10-08T14:58:41+00:00
99,1283041825587167235,1283026449545519106,conversation_root,,a79dad57476e0704b5b7f94ea444fd2a,2026-10-08T14:58:41+00:00
100,1283039363291590656,1282869982364229632,quotes,,a79dad57476e0704b5b7f94ea444fd2a,2026-10-08T14:58:41+00:00
101,1283002614439915521,1283000585365659648,reply_to,,a79dad57476e0704b5b7f94ea444fd2a,2026-10-08T14:58:41+00:00
102,1283002614439915521,1283000585365659648,conversation_root,,a79dad57476e0704b5b7f94ea444fd2a,2026-10-08T14:58:41+00:00
103,1282963830319067137,1282673094516252677,reply_to,,a79dad57476e0704b5b7f94ea444fd2a,2026-10-08T14:58:41+00:00
104,1282963830319067137,1282673094516252677,conversation_root,,a79dad57476e0704b5b7f94ea444fd2a,2026-10-08T14:58:41+00:00
105,1282961222703427584,1282663698935549952,conversation_root,,a79dad57476e0704b5b7f94ea444fd2a,2026-10-08T14:58:41+00:00
106,1282925817731768320,1282922820884811776,reply_to,,a79dad57476e0704b5b7f94ea444fd2a,2026-10-08T14:58:56+00:00
107,1282925817731768320,1282922820884811776,conversation_root,,a79dad57476e0704b5b7f94ea444fd2a,2026-10-08T14:58:56+00:00
108,1282879854665363457,1282879307774406656,reply_to,,a79dad57476e0704b5b7f94ea444fd2a,2026-10-08T14:58:56+00:00
109,1282879854665363457,1282848569486172160,conversation_root,,a79dad57476e0704b5b7f94ea444fd2a,2026-10-08T14:58:56+00:00
110,1282878501121667072,1282869178328809474,reply_to,,a79dad57476e0704b5b7f94ea444fd2a,2026-10-08T14:58:56+00:00
111,1282878501121667072,1282867859287236608,conversation_root,,a79dad57476e0704b5b7f94ea444fd2a,2026-10-08T14:58:56+00:00
112,1282878501121667072,1252336711918432258,quotes,,a79dad57476e0704b5b7f94ea444fd2a,2026-10-08T14:58:56+00:00
113,1252336711918432258,1252335729352429570,reply_to,,a79dad57476e0704b5b7f94ea444fd2a,2026-10-08T14:58:56+00:00
114,1252336711918432258,1252324911160291328,conversation_root,,a79dad57476e0704b5b7f94ea444fd2a,2026-10-08T14:58:56+00:00
115,1282822778240987136,1282815590931943424,reply_to,,a79dad57476e0704b5b7f94ea444fd2a,2026-10-08T14:58:56+00:00
116,1282822778240987136,1282717675781857280,conversation_root,,a79dad57476e0704b5b7f94ea444fd2a,2026-10-08T14:58:56+00:00
117,1282777175695867906,1282715929114284033,reply_to,,a79dad57476e0704b5b7f94ea444fd2a,2026-10-08T14:58:56+00:00
118,1282777175695867906,1282715929114284033,conversation_root,,a79dad57476e0704b5b7f94ea444fd2a,2026-10-08T14:58:56+00:00
119,1282742695304343553,1282742485454934025,reply_to,,a79dad57476e0704b5b7f94ea444fd2a,2026-10-08T14:58:56+00:00
120,1282742695304343553,1282742277643927552,conversation_root,,a79dad57476e0704b5b7f94ea444fd2a,2026-10-08T14:58:56+00:00
121,1282734671588196353,1282732741725847552,reply_to,,a79dad57476e0704b5b7f94ea444fd2a,2026-10-08T14:58:56+00:00
122,1282734671588196353,1282731802260430848,conversation_root,,a79dad57476e0704b5b7f94ea444fd2a,2026-10-08T14:58:56+00:00
123,1282722661278404616,1282649294110109696,conversation_root,,a79dad57476e0704b5b7f94ea444fd2a,2026-10-08T14:58:56+00:00
124,1282656638646788097,1282606094896914433,quotes,,2bef5a7e9b9ed2e1402dc3064fd5eb9b,2026-10-08T14:59:08+00:00
125,1282636595351498758,1282415409732476929,reply_to,,2bef5a7e9b9ed2e1402dc3064fd5eb9b,2026-10-08T14:59:08+00:00
126,1282636595351498758,1282415409732476929,conversation_root,,2bef5a7e9b9ed2e1402dc3064fd5eb9b,2026-10-08T14:59:08+00:00
127,1282634279479115777,1282603471615729664,reply_to,,2bef5a7e9b9ed2e1402dc3064fd5eb9b,2026-10-08T14:59:08+00:00
128,1282634279479115777,1282603471615729664,conversation_root,,2bef5a7e9b9ed2e1402dc3064fd5eb9b,2026-10-08T14:59:08+00:00
129,1282555848343146496,1282553753166544898,conversation_root,,2bef5a7e9b9ed2e1402dc3064fd5eb9b,2026-10-08T14:59:08+00:00
130,1282480057475358720,1282433449643651073,reply_to,,2bef5a7e9b9ed2e1402dc3064fd5eb9b,2026-10-08T14:59:08+00:00
131,1282480057475358720,1282433449643651073,conversation_root,,2bef5a7e9b9ed2e1402dc3064fd5eb9b,2026-10-08T14:59:08+00:00
132,1282428997360668679,1282413370050838528,reply_to,,2bef5a7e9b9ed2e1402dc3064fd5eb9b,2026-10-08T14:59:08+00:00
133,1282428997360668679,1282369786249445377,conversation_root,,2bef5a7e9b9ed2e1402dc3064fd5eb9b,2026-10-08T14:59:08+00:00
134,1282397722377478145,1282390415853924352,reply_to,,2bef5a7e9b9ed2e1402dc3064fd5eb9b,2026-10-08T14:59:08+00:00
135,1282397722377478145,1282369786249445377,conversation_root,,2bef5a7e9b9ed2e1402dc3064fd5eb9b,2026-10-08T14:59:08+00:00
136,1282361159153319936,1282360241506713602,reply_to,,2bef5a7e9b9ed2e1402dc3064fd5eb9b,2026-10-08T14:59:21+00:00
137,1282361159153319936,1282360241506713602,conversation_root,,2bef5a7e9b9ed2e1402dc3064fd5eb9b,2026-10-08T14:59:21+00:00
138,1282358668613345280,1282354389366251523,quotes,,2bef5a7e9b9ed2e1402dc3064fd5eb9b,2026-10-08T14:59:21+00:00
139,1282354389366251523,1282340633164697600,reply_to,,2bef5a7e9b9ed2e1402dc3064fd5eb9b,2026-10-08T14:59:21+00:00
140,1282354389366251523,1282340633164697600,conversation_root,,2bef5a7e9b9ed2e1402dc3064fd5eb9b,2026-10-08T14:59:21+00:00
141,1282310381051019266,1282209683017592836,quotes,,2bef5a7e9b9ed2e1402dc3064fd5eb9b,2026-10-08T14:59:21+00:00
142,1282213239133294592,1282212477866999808,reply_to,,2bef5a7e9b9ed2e1402dc3064fd5eb9b,2026-10-08T14:59:21+00:00
143,1282213239133294592,1282181615851053056,conversation_root,,2bef5a7e9b9ed2e1402dc3064fd5eb9b,2026-10-08T14:59:21+00:00
144,1282140130174660608,1282104681154609152,reply_to,,2bef5a7e9b9ed2e1402dc3064fd5eb9b,2026-10-08T14:59:21+00:00
145,1282140130174660608,1282104681154609152,conversation_root,,2bef5a7e9b9ed2e1402dc3064fd5eb9b,2026-10-08T14:59:21+00:00
146,1282058081673908227,1282039953594167296,reply_to,,2bef5a7e9b9ed2e1402dc3064fd5eb9b,2026-10-08T14:59:21+00:00
147,1282058081673908227,1281581250118123520,conversation_root,,2bef5a7e9b9ed2e1402dc3064fd5eb9b,2026-10-08T14:59:21+00:00
148,1282053577234624517,1281581250118123520,reply_to,,2bef5a7e9b9ed2e1402dc3064fd5eb9b,2026-10-08T14:59:21+00:00
149,1282053577234624517,1281581250118123520,conversation_root,,2bef5a7e9b9ed2e1402dc3064fd5eb9b,2026-10-08T14:59:21+00:00
150,1282052786314772483,1282051083213385730,conversation_root,,2bef5a7e9b9ed2e1402dc3064fd5eb9b,2026-10-08T14:59:21+00:00
151,1282043150018793479,1282039714539876352,reply_to,,2bef5a7e9b9ed2e1402dc3064fd5eb9b,2026-10-08T14:59:34+00:00
152,1282043150018793479,1258816712738312193,conversation_root,,2bef5a7e9b9ed2e1402dc3064fd5eb9b,2026-10-08T14:59:34+00:00
153,1282041225105879042,1282040189641265153,reply_to,,2bef5a7e9b9ed2e1402dc3064fd5eb9b,2026-10-08T14:59:34+00:00
154,1282041225105879042,1282039331994165248,conversation_root,,2bef5a7e9b9ed2e1402dc3064fd5eb9b,2026-10-08T14:59:34+00:00
155,1282039953594167296,1282019527354724354,reply_to,,2bef5a7e9b9ed2e1402dc3064fd5eb9b,2026-10-08T14:59:34+00:00
156,1282039953594167296,1281581250118123520,conversation_root,,2bef5a7e9b9ed2e1402dc3064fd5eb9b,2026-10-08T14:59:34+00:00
157,1282033465299546112,1282031201579077634,reply_to,,2bef5a7e9b9ed2e1402dc3064fd5eb9b,2026-10-08T14:59:34+00:00
158,1282033465299546112,1281885086347075588,conversation_root,,2bef5a7e9b9ed2e1402dc3064fd5eb9b,2026-10-08T14:59:34+00:00
159,1282027433873625097,1282019527354724354,reply_to,,2bef5a7e9b9ed2e1402dc3064fd5eb9b,2026-10-08T14:59:34+00:00
160,1282027433873625097,1281581250118123520,conversation_root,,2bef5a7e9b9ed2e1402dc3064fd5eb9b,2026-10-08T14:59:34+00:00
161,1282027284610854913,1282019527354724354,reply_to,,2bef5a7e9b9ed2e1402dc3064fd5eb9b,2026-10-08T14:59:34+00:00
162,1282027284610854913,1281581250118123520,conversation_root,,2bef5a7e9b9ed2e1402dc3064fd5eb9b,2026-10-08T14:59:34+00:00
163,1282023915238219777,1282005105923915776,reply_to,,2bef5a7e9b9ed2e1402dc3064fd5eb9b,2026-10-08T14:59:34+00:00
164,1282023915238219777,1281996089327906816,conversation_root,,2bef5a7e9b9ed2e1402dc3064fd5eb9b,2026-10-08T14:59:34+00:00
165,1282022750937391104,1281820078028124161,reply_to,,2bef5a7e9b9ed2e1402dc3064fd5eb9b,2026-10-08T14:59:34+00:00
166,1282022750937391104,1281820078028124161,conversation_root,,2bef5a7e9b9ed2e1402dc3064fd5eb9b,2026-10-08T14:59:34+00:00
167,1282019527354724354,1282002194456293376,reply_to,,2bef5a7e9b9ed2e1402dc3064fd5eb9b,2026-10-08T14:59:34+00:00
168,1282019527354724354,1281581250118123520,conversation_root,,2bef5a7e9b9ed2e1402dc3064fd5eb9b,2026-10-08T14:59:34+00:00
169,1282019527354724354,1281625190871511040,quotes,,2bef5a7e9b9ed2e1402dc3064fd5eb9b,2026-10-08T14:59:34+00:00
170,1281625190871511040,1281620925218250754,reply_to,,2bef5a7e9b9ed2e1402dc3064fd5eb9b,2026-10-08T14:59:34+00:00
171,1281625190871511040,1281620925218250754,conversation_root,,2bef5a7e9b9ed2e1402dc3064fd5eb9b,2026-10-08T14:59:34+00:00
172,1282012270541836290,1282011474035126273,reply_to,,2bef5a7e9b9ed2e1402dc3064fd5eb9b,2026-10-08T14:59:34+00:00
173,1282012270541836290,1281958982727458821,conversation_root,,2bef5a7e9b9ed2e1402dc3064fd5eb9b,2026-10-08T14:59:34+00:00
174,1282012270541836290,1281712815145877505,quotes,,2bef5a7e9b9ed2e1402dc3064fd5eb9b,2026-10-08T14:59:34+00:00
175,1281712815145877505,1281581250118123520,reply_to,,2bef5a7e9b9ed2e1402dc3064fd5eb9b,2026-10-08T14:59:34+00:00
176,1281712815145877505,1281581250118123520,conversation_root,,2bef5a7e9b9ed2e1402dc3064fd5eb9b,2026-10-08T14:59:34+00:00
177,1282002194456293376,1281581250118123520,reply_to,,2bef5a7e9b9ed2e1402dc3064fd5eb9b,2026-10-08T14:59:34+00:00
178,1282002194456293376,1281581250118123520,conversation_root,,2bef5a7e9b9ed2e1402dc3064fd5eb9b,2026-10-08T14:59:34+00:00
179,1282000335444336640,1281699880755503105,quotes,,2bef5a7e9b9ed2e1402dc3064fd5eb9b,2026-10-08T14:59:34+00:00
180,1281940226794049536,1281912057923764224,reply_to,,2bef5a7e9b9ed2e1402dc3064fd5eb9b,2026-10-08T14:59:34+00:00
181,1281940226794049536,1281912057923764224,conversation_root,,2bef5a7e9b9ed2e1402dc3064fd5eb9b,2026-10-08T14:59:34+00:00
182,1281845361200504832,1281816462970122240,reply_to,,2bef5a7e9b9ed2e1402dc3064fd5eb9b,2026-10-08T14:59:49+00:00
183,1281845361200504832,1281816462970122240,conversation_root,,2bef5a7e9b9ed2e1402dc3064fd5eb9b,2026-10-08T14:59:49+00:00
184,1281839664442351618,1281820078028124161,reply_to,,2bef5a7e9b9ed2e1402dc3064fd5eb9b,2026-10-08T14:59:49+00:00
185,1281839664442351618,1281820078028124161,conversation_root,,2bef5a7e9b9ed2e1402dc3064fd5eb9b,2026-10-08T14:59:49+00:00
186,1281804829229223939,1281804828373549056,reply_to,,2bef5a7e9b9ed2e1402dc3064fd5eb9b,2026-10-08T14:59:49+00:00
187,1281804829229223939,1281804826687557634,conversation_root,,2bef5a7e9b9ed2e1402dc3064fd5eb9b,2026-10-08T14:59:49+00:00
188,1281775670121631744,1281761187911413760,reply_to,,2bef5a7e9b9ed2e1402dc3064fd5eb9b,2026-10-08T14:59:49+00:00
189,1281775670121631744,1281761187911413760,conversation_root,,2bef5a7e9b9ed2e1402dc3064fd5eb9b,2026-10-08T14:59:49+00:00
190,1281756950808666112,1281683192362274816,reply_to,,2bef5a7e9b9ed2e1402dc3064fd5eb9b,2026-10-08T14:59:49+00:00
191,1281756950808666112,1281675815063879680,conversation_root,,2bef5a7e9b9ed2e1402dc3064fd5eb9b,2026-10-08T14:59:49+00:00
192,1281712815145877505,1281581250118123520,reply_to,,2bef5a7e9b9ed2e1402dc3064fd5eb9b,2026-10-08T14:59:49+00:00
193,1281712815145877505,1281581250118123520,conversation_root,,2bef5a7e9b9ed2e1402dc3064fd5eb9b,2026-10-08T14:59:49+00:00
194,1281708058222239749,1281655776591835136,quotes,,2bef5a7e9b9ed2e1402dc3064fd5eb9b,2026-10-08T14:59:49+00:00
195,1281682952926240768,1281613727696146432,quotes,,2bef5a7e9b9ed2e1402dc3064fd5eb9b,2026-10-08T15:00:06+00:00
196,1281613727696146432,1281613246122926087,reply_to,,2bef5a7e9b9ed2e1402dc3064fd5eb9b,2026-10-08T15:00:06+00:00
197,1281613727696146432,1281611923423780864,conversation_root,,2bef5a7e9b9ed2e1402dc3064fd5eb9b,2026-10-08T15:00:06+00:00
198,1281671753627033606,1281671751370526722,reply_to,,2bef5a7e9b9ed2e1402dc3064fd5eb9b,2026-10-08T15:00:06+00:00
199,1281671753627033606,1281671356967419905,conversation_root,,2bef5a7e9b9ed2e1402dc3064fd5eb9b,2026-10-08T15:00:06+00:00
200,1281664405877522437,1281581250118123520,quotes,,2bef5a7e9b9ed2e1402dc3064fd5eb9b,2026-10-08T15:00:06+00:00
201,1281664028352413696,1278345868668735489,quotes,,2bef5a7e9b9ed2e1402dc3064fd5eb9b,2026-10-08T15:00:06+00:00
202,1281663300640673793,1281661751520567297,reply_to,,2bef5a7e9b9ed2e1402dc3064fd5eb9b,2026-10-08T15:00:06+00:00
203,1281663300640673793,1281655611449438208,conversation_root,,2bef5a7e9b9ed2e1402dc3064fd5eb9b,2026-10-08T15:00:06+00:00
204,1281653821756694529,1281652673712807936,reply_to,,2bef5a7e9b9ed2e1402dc3064fd5eb9b,2026-10-08T15:00:06+00:00
205,1281653821756694529,1281652673712807936,conversation_root,,2bef5a7e9b9ed2e1402dc3064fd5eb9b,2026-10-08T15:00:06+00:00
206,1281647943041376258,1281647083842232320,quotes,,2bef5a7e9b9ed2e1402dc3064fd5eb9b,2026-10-08T15:00:06+00:00
207,1281647485014941697,1281641252526710786,reply_to,,2bef5a7e9b9ed2e1402dc3064fd5eb9b,2026-10-08T15:00:06+00:00
208,1281647485014941697,1281620925218250754,conversation_root,,2bef5a7e9b9ed2e1402dc3064fd5eb9b,2026-10-08T15:00:06+00:00
209,1281641685458591745,1281536121164517377,quotes,,2bef5a7e9b9ed2e1402dc3064fd5eb9b,2026-10-08T15:00:06+00:00
210,1281631892974993413,1281618238695243776,quotes,,2bef5a7e9b9ed2e1402dc3064fd5eb9b,2026-10-08T15:00:06+00:00
211,1281631029581746180,1281618238695243776,reply_to,,2bef5a7e9b9ed2e1402dc3064fd5eb9b,2026-10-08T15:00:17+00:00
212,1281631029581746180,1281618238695243776,conversation_root,,2bef5a7e9b9ed2e1402dc3064fd5eb9b,2026-10-08T15:00:17+00:00
213,1281630359160000512,1281609787906695169,reply_to,,2bef5a7e9b9ed2e1402dc3064fd5eb9b,2026-10-08T15:00:17+00:00
214,1281630359160000512,1281609787906695169,conversation_root,,2bef5a7e9b9ed2e1402dc3064fd5eb9b,2026-10-08T15:00:17+00:00
215,1281625190871511040,1281620925218250754,reply_to,,2bef5a7e9b9ed2e1402dc3064fd5eb9b,2026-10-08T15:00:17+00:00
216,1281625190871511040,1281620925218250754,conversation_root,,2bef5a7e9b9ed2e1402dc3064fd5eb9b,2026-10-08T15:00:17+00:00
217,1281622608635715586,1281619236813713408,reply_to,,2bef5a7e9b9ed2e1402dc3064fd5eb9b,2026-10-08T15:00:17+00:00
218,1281622608635715586,1281619236813713408,conversation_root,,2bef5a7e9b9ed2e1402dc3064fd5eb9b,2026-10-08T15:00:17+00:00
219,1281614804797489152,1281614802947911680,reply_to,,2bef5a7e9b9ed2e1402dc3064fd5eb9b,2026-10-08T15:00:17+00:00
220,1281614804797489152,1281611923423780864,conversation_root,,2bef5a7e9b9ed2e1402dc3064fd5eb9b,2026-10-08T15:00:17+00:00
221,1281614802947911680,1281613727696146432,reply_to,,2bef5a7e9b9ed2e1402dc3064fd5eb9b,2026-10-08T15:00:17+00:00
222,1281614802947911680,1281611923423780864,conversation_root,,2bef5a7e9b9ed2e1402dc3064fd5eb9b,2026-10-08T15:00:17+00:00
223,1281614007846273024,1281613218998345729,reply_to,,2bef5a7e9b9ed2e1402dc3064fd5eb9b,2026-10-08T15:00:17+00:00
224,1281614007846273024,1281613218998345729,conversation_root,,2bef5a7e9b9ed2e1402dc3064fd5eb9b,2026-10-08T15:00:17+00:00
225,1281613727696146432,1281613246122926087,reply_to,,2bef5a7e9b9ed2e1402dc3064fd5eb9b,2026-10-08T15:00:17+00:00
226,1281613727696146432,1281611923423780864,conversation_root,,2bef5a7e9b9ed2e1402dc3064fd5eb9b,2026-10-08T15:00:17+00:00
227,1281602434448723969,1281583205687197696,reply_to,,2bef5a7e9b9ed2e1402dc3064fd5eb9b,2026-10-08T15:00:17+00:00
228,1281602434448723969,1281583205687197696,conversation_root,,2bef5a7e9b9ed2e1402dc3064fd5eb9b,2026-10-08T15:00:17+00:00
229,1281583205687197696,1281581250118123520,quotes,,2bef5a7e9b9ed2e1402dc3064fd5eb9b,2026-10-08T15:00:17+00:00
230,1281940226794049536,1281912057923764224,reply_to,,72625600f41290f7928e27f66dd78827,2026-10-08T15:00:31+00:00
231,1281940226794049536,1281912057923764224,conversation_root,,72625600f41290f7928e27f66dd78827,2026-10-08T15:00:31+00:00
232,1281845361200504832,1281816462970122240,reply_to,,72625600f41290f7928e27f66dd78827,2026-10-08T15:00:31+00:00
233,1281845361200504832,1281816462970122240,conversation_root,,72625600f41290f7928e27f66dd78827,2026-10-08T15:00:31+00:00
234,1281839664442351618,1281820078028124161,reply_to,,72625600f41290f7928e27f66dd78827,2026-10-08T15:00:31+00:00
235,1281839664442351618,1281820078028124161,conversation_root,,72625600f41290f7928e27f66dd78827,2026-10-08T15:00:31+00:00
236,1281804829229223939,1281804828373549056,reply_to,,72625600f41290f7928e27f66dd78827,2026-10-08T15:00:31+00:00
237,1281804829229223939,1281804826687557634,conversation_root,,72625600f41290f7928e27f66dd78827,2026-10-08T15:00:31+00:00
238,1281775670121631744,1281761187911413760,reply_to,,72625600f41290f7928e27f66dd78827,2026-10-08T15:00:48+00:00
239,1281775670121631744,1281761187911413760,conversation_root,,72625600f41290f7928e27f66dd78827,2026-10-08T15:00:48+00:00
240,1281756950808666112,1281683192362274816,reply_to,,72625600f41290f7928e27f66dd78827,2026-10-08T15:00:48+00:00
241,1281756950808666112,1281675815063879680,conversation_root,,72625600f41290f7928e27f66dd78827,2026-10-08T15:00:48+00:00
242,1281712815145877505,1281581250118123520,reply_to,,72625600f41290f7928e27f66dd78827,2026-10-08T15:00:48+00:00
243,1281712815145877505,1281581250118123520,conversation_root,,72625600f41290f7928e27f66dd78827,2026-10-08T15:00:48+00:00
244,1281708058222239749,1281655776591835136,quotes,,72625600f41290f7928e27f66dd78827,2026-10-08T15:00:48+00:00
245,1281682952926240768,1281613727696146432,quotes,,72625600f41290f7928e27f66dd78827,2026-10-08T15:00:48+00:00
246,1281613727696146432,1281613246122926087,reply_to,,72625600f41290f7928e27f66dd78827,2026-10-08T15:00:48+00:00
247,1281613727696146432,1281611923423780864,conversation_root,,72625600f41290f7928e27f66dd78827,2026-10-08T15:00:48+00:00
248,1281671753627033606,1281671751370526722,reply_to,,72625600f41290f7928e27f66dd78827,2026-10-08T15:00:48+00:00
249,1281671753627033606,1281671356967419905,conversation_root,,72625600f41290f7928e27f66dd78827,2026-10-08T15:00:48+00:00
250,1281664405877522437,1281581250118123520,quotes,,72625600f41290f7928e27f66dd78827,2026-10-08T15:00:48+00:00
251,1281664028352413696,1278345868668735489,quotes,,72625600f41290f7928e27f66dd78827,2026-10-08T15:00:48+00:00
252,1281663300640673793,1281661751520567297,reply_to,,72625600f41290f7928e27f66dd78827,2026-10-08T15:00:48+00:00
253,1281663300640673793,1281655611449438208,conversation_root,,72625600f41290f7928e27f66dd78827,2026-10-08T15:00:48+00:00
254,1281653821756694529,1281652673712807936,reply_to,,72625600f41290f7928e27f66dd78827,2026-10-08T15:00:48+00:00
255,1281653821756694529,1281652673712807936,conversation_root,,72625600f41290f7928e27f66dd78827,2026-10-08T15:00:48+00:00
256,1281647943041376258,1281647083842232320,quotes,,72625600f41290f7928e27f66dd78827,2026-10-08T15:01:00+00:00
257,1281647485014941697,1281641252526710786,reply_to,,72625600f41290f7928e27f66dd78827,2026-10-08T15:01:00+00:00
258,1281647485014941697,1281620925218250754,conversation_root,,72625600f41290f7928e27f66dd78827,2026-10-08T15:01:00+00:00
259,1281641685458591745,1281536121164517377,quotes,,72625600f41290f7928e27f66dd78827,2026-10-08T15:01:00+00:00
260,1281631892974993413,1281618238695243776,quotes,,72625600f41290f7928e27f66dd78827,2026-10-08T15:01:00+00:00
261,1281631029581746180,1281618238695243776,reply_to,,72625600f41290f7928e27f66dd78827,2026-10-08T15:01:00+00:00
262,1281631029581746180,1281618238695243776,conversation_root,,72625600f41290f7928e27f66dd78827,2026-10-08T15:01:00+00:00
263,1281630359160000512,1281609787906695169,reply_to,,72625600f41290f7928e27f66dd78827,2026-10-08T15:01:00+00:00
264,1281630359160000512,1281609787906695169,conversation_root,,72625600f41290f7928e27f66dd78827,2026-10-08T15:01:00+00:00
265,1281625190871511040,1281620925218250754,reply_to,,72625600f41290f7928e27f66dd78827,2026-10-08T15:01:00+00:00
266,1281625190871511040,1281620925218250754,conversation_root,,72625600f41290f7928e27f66dd78827,2026-10-08T15:01:00+00:00
267,1281622608635715586,1281619236813713408,reply_to,,72625600f41290f7928e27f66dd78827,2026-10-08T15:01:00+00:00
268,1281622608635715586,1281619236813713408,conversation_root,,72625600f41290f7928e27f66dd78827,2026-10-08T15:01:00+00:00
269,1281614804797489152,1281614802947911680,reply_to,,72625600f41290f7928e27f66dd78827,2026-10-08T15:01:00+00:00
270,1281614804797489152,1281611923423780864,conversation_root,,72625600f41290f7928e27f66dd78827,2026-10-08T15:01:00+00:00
271,1281614802947911680,1281613727696146432,reply_to,,72625600f41290f7928e27f66dd78827,2026-10-08T15:01:00+00:00
272,1281614802947911680,1281611923423780864,conversation_root,,72625600f41290f7928e27f66dd78827,2026-10-08T15:01:00+00:00
273,1281614007846273024,1281613218998345729,reply_to,,72625600f41290f7928e27f66dd78827,2026-10-08T15:01:00+00:00
274,1281614007846273024,1281613218998345729,conversation_root,,72625600f41290f7928e27f66dd78827,2026-10-08T15:01:00+00:00
275,1281613727696146432,1281613246122926087,reply_to,,72625600f41290f7928e27f66dd78827,2026-10-08T15:01:00+00:00
276,1281613727696146432,1281611923423780864,conversation_root,,72625600f41290f7928e27f66dd78827,2026-10-08T15:01:00+00:00
277,1281602434448723969,1281583205687197696,reply_to,,72625600f41290f7928e27f66dd78827,2026-10-08T15:01:12+00:00
278,1281602434448723969,1281583205687197696,conversation_root,,72625600f41290f7928e27f66dd78827,2026-10-08T15:01:12+00:00
279,1281583205687197696,1281581250118123520,quotes,,72625600f41290f7928e27f66dd78827,2026-10-08T15:01:12+00:00
280,1281573658008461315,1281506111611379712,reply_to,,72625600f41290f7928e27f66dd78827,2026-10-08T15:01:12+00:00
281,1281573658008461315,1281506111611379712,conversation_root,,72625600f41290f7928e27f66dd78827,2026-10-08T15:01:12+00:00
282,1281492569206161408,1281483489750081536,reply_to,,72625600f41290f7928e27f66dd78827,2026-10-08T15:01:12+00:00
283,1281492569206161408,1281483489750081536,conversation_root,,72625600f41290f7928e27f66dd78827,2026-10-08T15:01:12+00:00
284,1281351265251983360,1281345647749275649,reply_to,,72625600f41290f7928e27f66dd78827,2026-10-08T15:01:26+00:00
285,1281351265251983360,1281345647749275649,conversation_root,,72625600f41290f7928e27f66dd78827,2026-10-08T15:01:26+00:00
286,1281307813172609024,1281306560162136067,reply_to,,72625600f41290f7928e27f66dd78827,2026-10-08T15:01:26+00:00
287,1281307813172609024,1281306560162136067,conversation_root,,72625600f41290f7928e27f66dd78827,2026-10-08T15:01:26+00:00
288,1281296539156123650,1281296535280631809,reply_to,,72625600f41290f7928e27f66dd78827,2026-10-08T15:01:26+00:00
289,1281296539156123650,1281281050975633410,conversation_root,,72625600f41290f7928e27f66dd78827,2026-10-08T15:01:26+00:00
290,1281280547185188864,1281271234244816896,quotes,,72625600f41290f7928e27f66dd78827,2026-10-08T15:01:26+00:00
291,1283553527705620480,1283142703379693569,reply_to,,7866a9300d75fac8bd59592f07396208,2026-10-08T15:02:13+00:00
292,1283553527705620480,1283142703379693569,conversation_root,,7866a9300d75fac8bd59592f07396208,2026-10-08T15:02:13+00:00
293,1282058081673908227,1282039953594167296,reply_to,,7866a9300d75fac8bd59592f07396208,2026-10-08T15:02:13+00:00
294,1282058081673908227,1281581250118123520,conversation_root,,7866a9300d75fac8bd59592f07396208,2026-10-08T15:02:13+00:00
295,1282053577234624517,1281581250118123520,reply_to,,7866a9300d75fac8bd59592f07396208,2026-10-08T15:02:13+00:00
296,1282053577234624517,1281581250118123520,conversation_root,,7866a9300d75fac8bd59592f07396208,2026-10-08T15:02:13+00:00
297,1282039953594167296,1282019527354724354,reply_to,,7866a9300d75fac8bd59592f07396208,2026-10-08T15:02:13+00:00
298,1282039953594167296,1281581250118123520,conversation_root,,7866a9300d75fac8bd59592f07396208,2026-10-08T15:02:13+00:00
299,1282027433873625097,1282019527354724354,reply_to,,7866a9300d75fac8bd59592f07396208,2026-10-08T15:02:13+00:00
300,1282027433873625097,1281581250118123520,conversation_root,,7866a9300d75fac8bd59592f07396208,2026-10-08T15:02:13+00:00
301,1282027284610854913,1282019527354724354,reply_to,,7866a9300d75fac8bd59592f07396208,2026-10-08T15:02:13+00:00
302,1282027284610854913,1281581250118123520,conversation_root,,7866a9300d75fac8bd59592f07396208,2026-10-08T15:02:13+00:00
303,1282022750937391104,1281820078028124161,reply_to,,7866a9300d75fac8bd59592f07396208,2026-10-08T15:02:13+00:00
304,1282022750937391104,1281820078028124161,conversation_root,,7866a9300d75fac8bd59592f07396208,2026-10-08T15:02:13+00:00
305,1282019527354724354,1282002194456293376,reply_to,,7866a9300d75fac8bd59592f07396208,2026-10-08T15:02:13+00:00
306,1282019527354724354,1281581250118123520,conversation_root,,7866a9300d75fac8bd59592f07396208,2026-10-08T15:02:13+00:00
307,1282019527354724354,1281625190871511040,quotes,,7866a9300d75fac8bd59592f07396208,2026-10-08T15:02:13+00:00
308,1281625190871511040,1281620925218250754,reply_to,,7866a9300d75fac8bd59592f07396208,2026-10-08T15:02:13+00:00
309,1281625190871511040,1281620925218250754,conversation_root,,7866a9300d75fac8bd59592f07396208,2026-10-08T15:02:13+00:00
310,1282012270541836290,1282011474035126273,reply_to,,7866a9300d75fac8bd59592f07396208,2026-10-08T15:02:13+00:00
311,1282012270541836290,1281958982727458821,conversation_root,,7866a9300d75fac8bd59592f07396208,2026-10-08T15:02:13+00:00
312,1282012270541836290,1281712815145877505,quotes,,7866a9300d75fac8bd59592f07396208,2026-10-08T15:02:13+00:00
313,1281712815145877505,1281581250118123520,reply_to,,7866a9300d75fac8bd59592f07396208,2026-10-08T15:02:13+00:00
314,1281712815145877505,1281581250118123520,conversation_root,,7866a9300d75fac8bd59592f07396208,2026-10-08T15:02:13+00:00
315,1282002194456293376,1281581250118123520,reply_to,,7866a9300d75fac8bd59592f07396208,2026-10-08T15:02:13+00:00
316,1282002194456293376,1281581250118123520,conversation_root,,7866a9300d75fac8bd59592f07396208,2026-10-08T15:02:13+00:00
317,1281839664442351618,1281820078028124161,reply_to,,7866a9300d75fac8bd59592f07396208,2026-10-08T15:02:13+00:00
318,1281839664442351618,1281820078028124161,conversation_root,,7866a9300d75fac8bd59592f07396208,2026-10-08T15:02:13+00:00
319,1281720553129144320,1281618973558071296,quotes,,7866a9300d75fac8bd59592f07396208,2026-10-08T15:02:24+00:00
320,1281712815145877505,1281581250118123520,reply_to,,7866a9300d75fac8bd59592f07396208,2026-10-08T15:02:24+00:00
321,1281712815145877505,1281581250118123520,conversation_root,,7866a9300d75fac8bd59592f07396208,2026-10-08T15:02:24+00:00
322,1281671753627033606,1281671751370526722,reply_to,,7866a9300d75fac8bd59592f07396208,2026-10-08T15:02:24+00:00
323,1281671753627033606,1281671356967419905,conversation_root,,7866a9300d75fac8bd59592f07396208,2026-10-08T15:02:24+00:00
324,1281664405877522437,1281581250118123520,quotes,,7866a9300d75fac8bd59592f07396208,2026-10-08T15:02:24+00:00
325,1281631892974993413,1281618238695243776,quotes,,7866a9300d75fac8bd59592f07396208,2026-10-08T15:02:24+00:00
326,1281614007846273024,1281613218998345729,reply_to,,7866a9300d75fac8bd59592f07396208,2026-10-08T15:02:24+00:00
327,1281614007846273024,1281613218998345729,conversation_root,,7866a9300d75fac8bd59592f07396208,2026-10-08T15:02:24+00:00
328,1281602434448723969,1281583205687197696,reply_to,,7866a9300d75fac8bd59592f07396208,2026-10-08T15:02:24+00:00
329,1281602434448723969,1281583205687197696,conversation_root,,7866a9300d75fac8bd59592f07396208,2026-10-08T15:02:24+00:00
330,1281583205687197696,1281581250118123520,quotes,,7866a9300d75fac8bd59592f07396208,2026-10-08T15:02:24+00:00
331,1281824763233611779,1281625190871511040,quotes,,54405317c3ee7ad4004d5ee69916fd17,2026-10-08T15:03:19+00:00
332,1281625190871511040,1281620925218250754,reply_to,,54405317c3ee7ad4004d5ee69916fd17,2026-10-08T15:03:19+00:00
333,1281625190871511040,1281620925218250754,conversation_root,,54405317c3ee7ad4004d5ee69916fd17,2026-10-08T15:03:19+00:00
334,1281720553129144320,1281618973558071296,quotes,,54405317c3ee7ad4004d5ee69916fd17,2026-10-08T15:03:19+00:00
335,1281682952926240768,1281613727696146432,quotes,,54405317c3ee7ad4004d5ee69916fd17,2026-10-08T15:03:19+00:00
336,1281613727696146432,1281613246122926087,reply_to,,54405317c3ee7ad4004d5ee69916fd17,2026-10-08T15:03:20+00:00
337,1281613727696146432,1281611923423780864,conversation_root,,54405317c3ee7ad4004d5ee69916fd17,2026-10-08T15:03:20+00:00
338,1281671753627033606,1281671751370526722,reply_to,,54405317c3ee7ad4004d5ee69916fd17,2026-10-08T15:03:20+00:00
339,1281671753627033606,1281671356967419905,conversation_root,,54405317c3ee7ad4004d5ee69916fd17,2026-10-08T15:03:20+00:00
340,1281647485014941697,1281641252526710786,reply_to,,54405317c3ee7ad4004d5ee69916fd17,2026-10-08T15:03:20+00:00
341,1281647485014941697,1281620925218250754,conversation_root,,54405317c3ee7ad4004d5ee69916fd17,2026-10-08T15:03:20+00:00
342,1281614007846273024,1281613218998345729,reply_to,,54405317c3ee7ad4004d5ee69916fd17,2026-10-08T15:03:20+00:00
343,1281614007846273024,1281613218998345729,conversation_root,,54405317c3ee7ad4004d5ee69916fd17,2026-10-08T15:03:20+00:00
344,1281664405877522437,1281581250118123520,quotes,,74e0623b27fe3ee603bbabd82d87a96f,2026-10-08T15:04:08+00:00
345,1281631892974993413,1281618238695243776,quotes,,74e0623b27fe3ee603bbabd82d87a96f,2026-10-08T15:04:08+00:00
346,1281614804797489152,1281614802947911680,reply_to,,6f8644495fa63d66f32c89c6b710ea6d,2026-10-08T15:09:39+00:00
347,1281614804797489152,1281611923423780864,conversation_root,,6f8644495fa63d66f32c89c6b710ea6d,2026-10-08T15:09:39+00:00
348,1282022089482887170,1282019527354724354,quotes,,8a6acbea22706b5e223725250cc84528,2026-10-08T15:10:25+00:00
349,1282019527354724354,1282002194456293376,reply_to,,8a6acbea22706b5e223725250cc84528,2026-10-08T15:10:25+00:00
350,1282019527354724354,1281581250118123520,conversation_root,,8a6acbea22706b5e223725250cc84528,2026-10-08T15:10:25+00:00
351,1282019527354724354,1281625190871511040,quotes,,8a6acbea22706b5e223725250cc84528,2026-10-08T15:10:25+00:00
352,1281824763233611779,1281625190871511040,quotes,,8a6acbea22706b5e223725250cc84528,2026-10-08T15:10:25+00:00
353,1281625190871511040,1281620925218250754,reply_to,,8a6acbea22706b5e223725250cc84528,2026-10-08T15:10:25+00:00
354,1281625190871511040,1281620925218250754,conversation_root,,8a6acbea22706b5e223725250cc84528,2026-10-08T15:10:25+00:00
355,1281720553129144320,1281618973558071296,quotes,,8a6acbea22706b5e223725250cc84528,2026-10-08T15:10:25+00:00
356,1281682952926240768,1281613727696146432,quotes,,8a6acbea22706b5e223725250cc84528,2026-10-08T15:10:25+00:00
357,1281613727696146432,1281613246122926087,reply_to,,8a6acbea22706b5e223725250cc84528,2026-10-08T15:10:25+00:00
358,1281613727696146432,1281611923423780864,conversation_root,,8a6acbea22706b5e223725250cc84528,2026-10-08T15:10:25+00:00
359,1281647485014941697,1281641252526710786,reply_to,,8a6acbea22706b5e223725250cc84528,2026-10-08T15:10:25+00:00
360,1281647485014941697,1281620925218250754,conversation_root,,8a6acbea22706b5e223725250cc84528,2026-10-08T15:10:25+00:00
361,1281631892974993413,1281618238695243776,quotes,,8a6acbea22706b5e223725250cc84528,2026-10-08T15:10:25+00:00
362,1281631029581746180,1281618238695243776,reply_to,,8a6acbea22706b5e223725250cc84528,2026-10-08T15:10:25+00:00
363,1281631029581746180,1281618238695243776,conversation_root,,8a6acbea22706b5e223725250cc84528,2026-10-08T15:10:25+00:00
364,1281628536273620993,1281618238695243776,quotes,,8a6acbea22706b5e223725250cc84528,2026-10-08T15:10:25+00:00
365,1281614802947911680,1281613727696146432,reply_to,,8a6acbea22706b5e223725250cc84528,2026-10-08T15:10:25+00:00
366,1281614802947911680,1281611923423780864,conversation_root,,8a6acbea22706b5e223725250cc84528,2026-10-08T15:10:25+00:00
367,1281614007846273024,1281613218998345729,reply_to,,8a6acbea22706b5e223725250cc84528,2026-10-08T15:10:36+00:00
368,1281614007846273024,1281613218998345729,conversation_root,,8a6acbea22706b5e223725250cc84528,2026-10-08T15:10:36+00:00
369,1282022750937391104,1281820078028124161,reply_to,,a1e870b3e238f1ee6edf6f274ae55f05,2026-10-08T15:11:24+00:00
370,1282022750937391104,1281820078028124161,conversation_root,,a1e870b3e238f1ee6edf6f274ae55f05,2026-10-08T15:11:24+00:00
371,1282002194456293376,1281581250118123520,reply_to,,a1e870b3e238f1ee6edf6f274ae55f05,2026-10-08T15:11:24+00:00
372,1282002194456293376,1281581250118123520,conversation_root,,a1e870b3e238f1ee6edf6f274ae55f05,2026-10-08T15:11:24+00:00
373,1281839664442351618,1281820078028124161,reply_to,,a1e870b3e238f1ee6edf6f274ae55f05,2026-10-08T15:11:24+00:00
374,1281839664442351618,1281820078028124161,conversation_root,,a1e870b3e238f1ee6edf6f274ae55f05,2026-10-08T15:11:24+00:00
375,1281720553129144320,1281618973558071296,quotes,,a1e870b3e238f1ee6edf6f274ae55f05,2026-10-08T15:11:24+00:00
376,1281706432195420167,1281625190871511040,quotes,,a1e870b3e238f1ee6edf6f274ae55f05,2026-10-08T15:11:24+00:00
377,1281625190871511040,1281620925218250754,reply_to,,a1e870b3e238f1ee6edf6f274ae55f05,2026-10-08T15:11:24+00:00
378,1281625190871511040,1281620925218250754,conversation_root,,a1e870b3e238f1ee6edf6f274ae55f05,2026-10-08T15:11:24+00:00
379,1281631892974993413,1281618238695243776,quotes,,a1e870b3e238f1ee6edf6f274ae55f05,2026-10-08T15:11:24+00:00
380,1282740691655888900,1282740689693024261,reply_to,,2a80e51f86c000cbb9499041b1559453,2026-10-08T15:12:11+00:00
381,1282740691655888900,1282740689693024261,conversation_root,,2a80e51f86c000cbb9499041b1559453,2026-10-08T15:12:11+00:00
382,1281682952926240768,1281613727696146432,quotes,,2a80e51f86c000cbb9499041b1559453,2026-10-08T15:12:11+00:00
383,1281613727696146432,1281613246122926087,reply_to,,2a80e51f86c000cbb9499041b1559453,2026-10-08T15:12:11+00:00
384,1281613727696146432,1281611923423780864,conversation_root,,2a80e51f86c000cbb9499041b1559453,2026-10-08T15:12:11+00:00
385,1281671753627033606,1281671751370526722,reply_to,,2a80e51f86c000cbb9499041b1559453,2026-10-08T15:12:11+00:00
386,1281671753627033606,1281671356967419905,conversation_root,,2a80e51f86c000cbb9499041b1559453,2026-10-08T15:12:11+00:00
387,1281671356967419905,1281625190871511040,quotes,,2a80e51f86c000cbb9499041b1559453,2026-10-08T15:12:11+00:00
388,1281625190871511040,1281620925218250754,reply_to,,2a80e51f86c000cbb9499041b1559453,2026-10-08T15:12:11+00:00
389,1281625190871511040,1281620925218250754,conversation_root,,2a80e51f86c000cbb9499041b1559453,2026-10-08T15:12:11+00:00
390,1281647485014941697,1281641252526710786,reply_to,,2a80e51f86c000cbb9499041b1559453,2026-10-08T15:12:11+00:00
391,1281647485014941697,1281620925218250754,conversation_root,,2a80e51f86c000cbb9499041b1559453,2026-10-08T15:12:11+00:00
392,1281614007846273024,1281613218998345729,reply_to,,2a80e51f86c000cbb9499041b1559453,2026-10-08T15:12:11+00:00
393,1281614007846273024,1281613218998345729,conversation_root,,2a80e51f86c000cbb9499041b1559453,2026-10-08T15:12:11+00:00
394,1281613727696146432,1281613246122926087,reply_to,,2a80e51f86c000cbb9499041b1559453,2026-10-08T15:12:27+00:00
395,1281613727696146432,1281611923423780864,conversation_root,,2a80e51f86c000cbb9499041b1559453,2026-10-08T15:12:27+00:00
396,1281612670458896396,1281612526443257858,reply_to,,2a80e51f86c000cbb9499041b1559453,2026-10-08T15:12:27+00:00
397,1281612670458896396,1281611923423780864,conversation_root,,2a80e51f86c000cbb9499041b1559453,2026-10-08T15:12:27+00:00
398,1281647485014941697,1281641252526710786,reply_to,,2be30297016e2b36999c13e390835fe9,2026-10-08T15:14:03+00:00
399,1281647485014941697,1281620925218250754,conversation_root,,2be30297016e2b36999c13e390835fe9,2026-10-08T15:14:03+00:00
400,1281625190871511040,1281620925218250754,reply_to,,2be30297016e2b36999c13e390835fe9,2026-10-08T15:14:03+00:00
401,1281625190871511040,1281620925218250754,conversation_root,,2be30297016e2b36999c13e390835fe9,2026-10-08T15:14:03+00:00
402,1281614804797489152,1281614802947911680,reply_to,,2be30297016e2b36999c13e390835fe9,2026-10-08T15:14:03+00:00
403,1281614804797489152,1281611923423780864,conversation_root,,2be30297016e2b36999c13e390835fe9,2026-10-08T15:14:03+00:00
404,1281614802947911680,1281613727696146432,reply_to,,2be30297016e2b36999c13e390835fe9,2026-10-08T15:14:03+00:00
405,1281614802947911680,1281611923423780864,conversation_root,,2be30297016e2b36999c13e390835fe9,2026-10-08T15:14:03+00:00
406,1281613727696146432,1281613246122926087,reply_to,,2be30297016e2b36999c13e390835fe9,2026-10-08T15:14:03+00:00
407,1281613727696146432,1281611923423780864,conversation_root,,2be30297016e2b36999c13e390835fe9,2026-10-08T15:14:03+00:00
